,Unnamed: 0,Date,DayofWeek,DayofMonth,Weekend,Month,Season,Quarter,Holiday,Salary,SaleInfo,Holiday_Salary
0,0,2022-01-01,0.8333333333333334,0.0,1,0.0,0.0,0.0,1,0,0.0,0.5
1,1,2022-01-02,1.0,0.0333333333333333,1,0.0,0.0,0.0,0,0,0.0,0.0
2,2,2022-01-03,0.0,0.0666666666666666,0,0.0,0.0,0.0,0,0,0.0,0.0
3,3,2022-01-04,0.1666666666666666,0.1,0,0.0,0.0,0.0,0,0,0.0,0.0
4,4,2022-01-05,0.3333333333333333,0.1333333333333333,0,0.0,0.0,0.0,0,0,0.0,0.0
5,5,2022-01-06,0.5,0.1666666666666666,0,0.0,0.0,0.0,0,0,0.0,0.0
6,6,2022-01-07,0.6666666666666666,0.2,0,0.0,0.0,0.0,0,0,0.0,0.0
7,7,2022-01-08,0.8333333333333334,0.2333333333333333,1,0.0,0.0,0.0,0,1,0.0,0.5
8,8,2022-01-09,1.0,0.2666666666666666,1,0.0,0.0,0.0,0,1,0.0,0.5
9,9,2022-01-10,0.0,0.3,0,0.0,0.0,0.0,0,1,0.0,0.5
10,10,2022-01-11,0.1666666666666666,0.3333333333333333,0,0.0,0.0,0.0,0,0,0.0,0.0
11,11,2022-01-12,0.3333333333333333,0.3666666666666666,0,0.0,0.0,0.0,0,0,0.0,0.0
12,12,2022-01-13,0.5,0.4,0,0.0,0.0,0.0,0,0,0.0,0.0
13,13,2022-01-14,0.6666666666666666,0.4333333333333333,0,0.0,0.0,0.0,0,0,0.0,0.0
14,14,2022-01-15,0.8333333333333334,0.4666666666666667,1,0.0,0.0,0.0,0,0,0.0,0.0
15,15,2022-01-16,1.0,0.5,1,0.0,0.0,0.0,0,0,0.0,0.0
16,16,2022-01-17,0.0,0.5333333333333333,0,0.0,0.0,0.0,0,0,0.0,0.0
17,17,2022-01-18,0.1666666666666666,0.5666666666666667,0,0.0,0.0,0.0,0,0,0.0,0.0
18,18,2022-01-19,0.3333333333333333,0.6,0,0.0,0.0,0.0,0,0,0.0,0.0
19,19,2022-01-20,0.5,0.6333333333333333,0,0.0,0.0,0.0,0,0,0.0,0.0
20,20,2022-01-21,0.6666666666666666,0.6666666666666666,0,0.0,0.0,0.0,0,0,0.0,0.0
21,21,2022-01-22,0.8333333333333334,0.7,1,0.0,0.0,0.0,0,0,0.0,0.0
22,22,2022-01-23,1.0,0.7333333333333333,1,0.0,0.0,0.0,0,1,0.0,0.5
23,23,2022-01-24,0.0,0.7666666666666667,0,0.0,0.0,0.0,0,1,0.0,0.5
24,24,2022-01-25,0.1666666666666666,0.8,0,0.0,0.0,0.0,0,1,1.0,0.5
25,25,2022-01-26,0.3333333333333333,0.8333333333333334,0,0.0,0.0,0.0,0,0,1.0,0.0
26,26,2022-01-27,0.5,0.8666666666666667,0,0.0,0.0,0.0,0,0,1.0,0.0
27,27,2022-01-28,0.6666666666666666,0.9,0,0.0,0.0,0.0,0,0,0.0,0.0
28,28,2022-01-29,0.8333333333333334,0.9333333333333332,1,0.0,0.0,0.0,0,0,0.0,0.0
29,29,2022-01-30,1.0,0.9666666666666668,1,0.0,0.0,0.0,0,0,0.0,0.0
30,30,2022-01-31,0.0,1.0,0,0.0,0.0,0.0,1,0,0.0,0.5
31,31,2022-02-01,0.1666666666666666,0.0,0,0.0909090909090909,0.0,0.0,1,0,0.0,0.5
32,32,2022-02-02,0.3333333333333333,0.037037037037037,0,0.0909090909090909,0.0,0.0,1,0,0.0,0.5
33,33,2022-02-03,0.5,0.074074074074074,0,0.0909090909090909,0.0,0.0,0,0,0.0,0.0
34,34,2022-02-04,0.6666666666666666,0.1111111111111111,0,0.0909090909090909,0.0,0.0,0,0,0.0,0.0
35,35,2022-02-05,0.8333333333333334,0.1481481481481481,1,0.0909090909090909,0.0,0.0,0,0,0.0,0.0
36,36,2022-02-06,1.0,0.1851851851851851,1,0.0909090909090909,0.0,0.0,0,0,0.0,0.0
37,37,2022-02-07,0.0,0.2222222222222222,0,0.0909090909090909,0.0,0.0,0,0,0.0,0.0
38,38,2022-02-08,0.1666666666666666,0.2592592592592592,0,0.0909090909090909,0.0,0.0,0,1,0.0,0.5
39,39,2022-02-09,0.3333333333333333,0.2962962962962963,0,0.0909090909090909,0.0,0.0,0,1,0.0,0.5
40,40,2022-02-10,0.5,0.3333333333333333,0,0.0909090909090909,0.0,0.0,0,1,0.0,0.5
41,41,2022-02-11,0.6666666666666666,0.3703703703703703,0,0.0909090909090909,0.0,0.0,0,0,0.0,0.0
42,42,2022-02-12,0.8333333333333334,0.4074074074074074,1,0.0909090909090909,0.0,0.0,0,0,0.0,0.0
43,43,2022-02-13,1.0,0.4444444444444444,1,0.0909090909090909,0.0,0.0,0,0,0.0,0.0
44,44,2022-02-14,0.0,0.4814814814814814,0,0.0909090909090909,0.0,0.0,0,0,0.0,0.0
45,45,2022-02-15,0.1666666666666666,0.5185185185185185,0,0.0909090909090909,0.0,0.0,0,0,0.0,0.0
46,46,2022-02-16,0.3333333333333333,0.5555555555555556,0,0.0909090909090909,0.0,0.0,0,0,0.0,0.0
47,47,2022-02-17,0.5,0.5925925925925926,0,0.0909090909090909,0.0,0.0,0,0,0.0,0.0
48,48,2022-02-18,0.6666666666666666,0.6296296296296297,0,0.0909090909090909,0.0,0.0,0,0,0.0,0.0
49,49,2022-02-19,0.8333333333333334,0.6666666666666666,1,0.0909090909090909,0.0,0.0,0,0,0.0,0.0
50,50,2022-02-20,1.0,0.7037037037037037,1,0.0909090909090909,0.0,0.0,0,0,0.0,0.0
51,51,2022-02-21,0.0,0.7407407407407407,0,0.0909090909090909,0.0,0.0,0,0,0.0,0.0
52,52,2022-02-22,0.1666666666666666,0.7777777777777778,0,0.0909090909090909,0.0,0.0,0,0,0.0,0.0
53,53,2022-02-23,0.3333333333333333,0.8148148148148148,0,0.0909090909090909,0.0,0.0,0,1,0.0,0.5
54,54,2022-02-24,0.5,0.8518518518518519,0,0.0909090909090909,0.0,0.0,0,1,0.0,0.5
55,55,2022-02-25,0.6666666666666666,0.8888888888888888,0,0.0909090909090909,0.0,0.0,0,1,1.0,0.5
56,56,2022-02-26,0.8333333333333334,0.925925925925926,1,0.0909090909090909,0.0,0.0,0,0,1.0,0.0
57,57,2022-02-27,1.0,0.9629629629629628,1,0.0909090909090909,0.0,0.0,0,0,1.0,0.0
58,58,2022-02-28,0.0,1.0,0,0.0909090909090909,0.0,0.0,0,0,1.0,0.0
59,59,2022-03-01,0.1666666666666666,0.0,0,0.1818181818181818,0.3333333333333333,0.0,1,0,1.0,0.5
60,60,2022-03-02,0.3333333333333333,0.0333333333333333,0,0.1818181818181818,0.3333333333333333,0.0,0,0,1.0,0.0
61,61,2022-03-03,0.5,0.0666666666666666,0,0.1818181818181818,0.3333333333333333,0.0,0,0,1.0,0.0
62,62,2022-03-04,0.6666666666666666,0.1,0,0.1818181818181818,0.3333333333333333,0.0,0,0,1.0,0.0
63,63,2022-03-05,0.8333333333333334,0.1333333333333333,1,0.1818181818181818,0.3333333333333333,0.0,0,0,1.0,0.0
64,64,2022-03-06,1.0,0.1666666666666666,1,0.1818181818181818,0.3333333333333333,0.0,0,0,0.0,0.0
65,65,2022-03-07,0.0,0.2,0,0.1818181818181818,0.3333333333333333,0.0,0,0,1.0,0.0
66,66,2022-03-08,0.1666666666666666,0.2333333333333333,0,0.1818181818181818,0.3333333333333333,0.0,0,1,1.0,0.5
67,67,2022-03-09,0.3333333333333333,0.2666666666666666,0,0.1818181818181818,0.3333333333333333,0.0,0,1,0.0,0.5
68,68,2022-03-10,0.5,0.3,0,0.1818181818181818,0.3333333333333333,0.0,0,1,0.0,0.5
69,69,2022-03-11,0.6666666666666666,0.3333333333333333,0,0.1818181818181818,0.3333333333333333,0.0,0,0,0.0,0.0
70,70,2022-03-12,0.8333333333333334,0.3666666666666666,1,0.1818181818181818,0.3333333333333333,0.0,0,0,0.0,0.0
71,71,2022-03-13,1.0,0.4,1,0.1818181818181818,0.3333333333333333,0.0,0,0,0.0,0.0
72,72,2022-03-14,0.0,0.4333333333333333,0,0.1818181818181818,0.3333333333333333,0.0,0,0,0.0,0.0
73,73,2022-03-15,0.1666666666666666,0.4666666666666667,0,0.1818181818181818,0.3333333333333333,0.0,0,0,0.0,0.0
74,74,2022-03-16,0.3333333333333333,0.5,0,0.1818181818181818,0.3333333333333333,0.0,0,0,0.0,0.0
75,75,2022-03-17,0.5,0.5333333333333333,0,0.1818181818181818,0.3333333333333333,0.0,0,0,0.0,0.0
76,76,2022-03-18,0.6666666666666666,0.5666666666666667,0,0.1818181818181818,0.3333333333333333,0.0,0,0,0.0,0.0
77,77,2022-03-19,0.8333333333333334,0.6,1,0.1818181818181818,0.3333333333333333,0.0,0,0,0.0,0.0
78,78,2022-03-20,1.0,0.6333333333333333,1,0.1818181818181818,0.3333333333333333,0.0,0,0,0.0,0.0
79,79,2022-03-21,0.0,0.6666666666666666,0,0.1818181818181818,0.3333333333333333,0.0,0,0,0.0,0.0
80,80,2022-03-22,0.1666666666666666,0.7,0,0.1818181818181818,0.3333333333333333,0.0,0,0,0.0,0.0
81,81,2022-03-23,0.3333333333333333,0.7333333333333333,0,0.1818181818181818,0.3333333333333333,0.0,0,1,0.0,0.5
82,82,2022-03-24,0.5,0.7666666666666667,0,0.1818181818181818,0.3333333333333333,0.0,0,1,0.0,0.5
83,83,2022-03-25,0.6666666666666666,0.8,0,0.1818181818181818,0.3333333333333333,0.0,0,1,1.0,0.5
84,84,2022-03-26,0.8333333333333334,0.8333333333333334,1,0.1818181818181818,0.3333333333333333,0.0,0,0,1.0,0.0
85,85,2022-03-27,1.0,0.8666666666666667,1,0.1818181818181818,0.3333333333333333,0.0,0,0,1.0,0.0
86,86,2022-03-28,0.0,0.9,0,0.1818181818181818,0.3333333333333333,0.0,0,0,0.0,0.0
87,87,2022-03-29,0.1666666666666666,0.9333333333333332,0,0.1818181818181818,0.3333333333333333,0.0,0,0,0.0,0.0
88,88,2022-03-30,0.3333333333333333,0.9666666666666668,0,0.1818181818181818,0.3333333333333333,0.0,0,0,0.0,0.0
89,89,2022-03-31,0.5,1.0,0,0.1818181818181818,0.3333333333333333,0.0,0,0,0.0,0.0
90,90,2022-04-01,0.6666666666666666,0.0,0,0.2727272727272727,0.3333333333333333,0.3333333333333333,0,0,0.0,0.0
91,91,2022-04-02,0.8333333333333334,0.0344827586206896,1,0.2727272727272727,0.3333333333333333,0.3333333333333333,0,0,0.0,0.0
92,92,2022-04-03,1.0,0.0689655172413793,1,0.2727272727272727,0.3333333333333333,0.3333333333333333,0,0,0.0,0.0
93,93,2022-04-04,0.0,0.1034482758620689,0,0.2727272727272727,0.3333333333333333,0.3333333333333333,0,0,0.0,0.0
94,94,2022-04-05,0.1666666666666666,0.1379310344827586,0,0.2727272727272727,0.3333333333333333,0.3333333333333333,0,0,0.0,0.0
95,95,2022-04-06,0.3333333333333333,0.1724137931034483,0,0.2727272727272727,0.3333333333333333,0.3333333333333333,0,0,0.0,0.0
96,96,2022-04-07,0.5,0.2068965517241379,0,0.2727272727272727,0.3333333333333333,0.3333333333333333,0,0,0.0,0.0
97,97,2022-04-08,0.6666666666666666,0.2413793103448276,0,0.2727272727272727,0.3333333333333333,0.3333333333333333,0,1,0.0,0.5
98,98,2022-04-09,0.8333333333333334,0.2758620689655172,1,0.2727272727272727,0.3333333333333333,0.3333333333333333,0,1,0.0,0.5
99,99,2022-04-10,1.0,0.3103448275862069,1,0.2727272727272727,0.3333333333333333,0.3333333333333333,0,1,0.0,0.5
100,100,2022-04-11,0.0,0.3448275862068966,0,0.2727272727272727,0.3333333333333333,0.3333333333333333,0,0,0.0,0.0
101,101,2022-04-12,0.1666666666666666,0.3793103448275862,0,0.2727272727272727,0.3333333333333333,0.3333333333333333,0,0,0.0,0.0
102,102,2022-04-13,0.3333333333333333,0.4137931034482758,0,0.2727272727272727,0.3333333333333333,0.3333333333333333,0,0,0.0,0.0
103,103,2022-04-14,0.5,0.4482758620689655,0,0.2727272727272727,0.3333333333333333,0.3333333333333333,0,0,0.0,0.0
104,104,2022-04-15,0.6666666666666666,0.4827586206896552,0,0.2727272727272727,0.3333333333333333,0.3333333333333333,0,0,0.0,0.0
105,105,2022-04-16,0.8333333333333334,0.5172413793103449,1,0.2727272727272727,0.3333333333333333,0.3333333333333333,0,0,0.0,0.0
106,106,2022-04-17,1.0,0.5517241379310345,1,0.2727272727272727,0.3333333333333333,0.3333333333333333,0,0,0.0,0.0
107,107,2022-04-18,0.0,0.5862068965517241,0,0.2727272727272727,0.3333333333333333,0.3333333333333333,0,0,0.0,0.0
108,108,2022-04-19,0.1666666666666666,0.6206896551724138,0,0.2727272727272727,0.3333333333333333,0.3333333333333333,0,0,0.0,0.0
109,109,2022-04-20,0.3333333333333333,0.6551724137931034,0,0.2727272727272727,0.3333333333333333,0.3333333333333333,0,0,0.0,0.0
110,110,2022-04-21,0.5,0.6896551724137931,0,0.2727272727272727,0.3333333333333333,0.3333333333333333,0,0,0.0,0.0
111,111,2022-04-22,0.6666666666666666,0.7241379310344828,0,0.2727272727272727,0.3333333333333333,0.3333333333333333,0,0,0.0,0.0
112,112,2022-04-23,0.8333333333333334,0.7586206896551724,1,0.2727272727272727,0.3333333333333333,0.3333333333333333,0,1,0.0,0.5
113,113,2022-04-24,1.0,0.7931034482758621,1,0.2727272727272727,0.3333333333333333,0.3333333333333333,0,1,0.0,0.5
114,114,2022-04-25,0.0,0.8275862068965517,0,0.2727272727272727,0.3333333333333333,0.3333333333333333,0,1,1.0,0.5
115,115,2022-04-26,0.1666666666666666,0.8620689655172413,0,0.2727272727272727,0.3333333333333333,0.3333333333333333,0,0,1.0,0.0
116,116,2022-04-27,0.3333333333333333,0.896551724137931,0,0.2727272727272727,0.3333333333333333,0.3333333333333333,0,0,1.0,0.0
117,117,2022-04-28,0.5,0.9310344827586208,0,0.2727272727272727,0.3333333333333333,0.3333333333333333,0,0,0.0,0.0
118,118,2022-04-29,0.6666666666666666,0.9655172413793104,0,0.2727272727272727,0.3333333333333333,0.3333333333333333,0,0,0.0,0.0
119,119,2022-04-30,0.8333333333333334,1.0,1,0.2727272727272727,0.3333333333333333,0.3333333333333333,0,0,0.0,0.0
120,120,2022-05-01,1.0,0.0,1,0.3636363636363636,0.3333333333333333,0.3333333333333333,0,0,0.0,0.0
121,121,2022-05-02,0.0,0.0333333333333333,0,0.3636363636363636,0.3333333333333333,0.3333333333333333,0,0,0.0,0.0
122,122,2022-05-03,0.1666666666666666,0.0666666666666666,0,0.3636363636363636,0.3333333333333333,0.3333333333333333,0,0,0.0,0.0
123,123,2022-05-04,0.3333333333333333,0.1,0,0.3636363636363636,0.3333333333333333,0.3333333333333333,0,0,0.0,0.0
124,124,2022-05-05,0.5,0.1333333333333333,0,0.3636363636363636,0.3333333333333333,0.3333333333333333,1,0,0.0,0.5
125,125,2022-05-06,0.6666666666666666,0.1666666666666666,0,0.3636363636363636,0.3333333333333333,0.3333333333333333,0,0,0.0,0.0
126,126,2022-05-07,0.8333333333333334,0.2,1,0.3636363636363636,0.3333333333333333,0.3333333333333333,0,0,0.0,0.0
127,127,2022-05-08,1.0,0.2333333333333333,1,0.3636363636363636,0.3333333333333333,0.3333333333333333,1,1,0.0,1.0
128,128,2022-05-09,0.0,0.2666666666666666,0,0.3636363636363636,0.3333333333333333,0.3333333333333333,0,1,0.0,0.5
129,129,2022-05-10,0.1666666666666666,0.3,0,0.3636363636363636,0.3333333333333333,0.3333333333333333,0,1,0.0,0.5
130,130,2022-05-11,0.3333333333333333,0.3333333333333333,0,0.3636363636363636,0.3333333333333333,0.3333333333333333,0,0,0.0,0.0
131,131,2022-05-12,0.5,0.3666666666666666,0,0.3636363636363636,0.3333333333333333,0.3333333333333333,0,0,0.0,0.0
132,132,2022-05-13,0.6666666666666666,0.4,0,0.3636363636363636,0.3333333333333333,0.3333333333333333,0,0,0.0,0.0
133,133,2022-05-14,0.8333333333333334,0.4333333333333333,1,0.3636363636363636,0.3333333333333333,0.3333333333333333,0,0,0.0,0.0
134,134,2022-05-15,1.0,0.4666666666666667,1,0.3636363636363636,0.3333333333333333,0.3333333333333333,0,0,0.0,0.0
135,135,2022-05-16,0.0,0.5,0,0.3636363636363636,0.3333333333333333,0.3333333333333333,0,0,0.0,0.0
136,136,2022-05-17,0.1666666666666666,0.5333333333333333,0,0.3636363636363636,0.3333333333333333,0.3333333333333333,0,0,0.0,0.0
137,137,2022-05-18,0.3333333333333333,0.5666666666666667,0,0.3636363636363636,0.3333333333333333,0.3333333333333333,0,0,0.0,0.0
138,138,2022-05-19,0.5,0.6,0,0.3636363636363636,0.3333333333333333,0.3333333333333333,0,0,0.0,0.0
139,139,2022-05-20,0.6666666666666666,0.6333333333333333,0,0.3636363636363636,0.3333333333333333,0.3333333333333333,0,0,0.0,0.0
140,140,2022-05-21,0.8333333333333334,0.6666666666666666,1,0.3636363636363636,0.3333333333333333,0.3333333333333333,0,0,0.0,0.0
141,141,2022-05-22,1.0,0.7,1,0.3636363636363636,0.3333333333333333,0.3333333333333333,0,0,0.0,0.0
142,142,2022-05-23,0.0,0.7333333333333333,0,0.3636363636363636,0.3333333333333333,0.3333333333333333,0,1,1.0,0.5
143,143,2022-05-24,0.1666666666666666,0.7666666666666667,0,0.3636363636363636,0.3333333333333333,0.3333333333333333,0,1,1.0,0.5
144,144,2022-05-25,0.3333333333333333,0.8,0,0.3636363636363636,0.3333333333333333,0.3333333333333333,0,1,1.0,0.5
145,145,2022-05-26,0.5,0.8333333333333334,0,0.3636363636363636,0.3333333333333333,0.3333333333333333,0,0,1.0,0.0
146,146,2022-05-27,0.6666666666666666,0.8666666666666667,0,0.3636363636363636,0.3333333333333333,0.3333333333333333,0,0,1.0,0.0
147,147,2022-05-28,0.8333333333333334,0.9,1,0.3636363636363636,0.3333333333333333,0.3333333333333333,0,0,1.0,0.0
148,148,2022-05-29,1.0,0.9333333333333332,1,0.3636363636363636,0.3333333333333333,0.3333333333333333,0,0,1.0,0.0
149,149,2022-05-30,0.0,0.9666666666666668,0,0.3636363636363636,0.3333333333333333,0.3333333333333333,0,0,0.0,0.0
150,150,2022-05-31,0.1666666666666666,1.0,0,0.3636363636363636,0.3333333333333333,0.3333333333333333,0,0,0.0,0.0
151,151,2022-06-01,0.3333333333333333,0.0,0,0.4545454545454545,0.6666666666666666,0.3333333333333333,0,0,0.0,0.0
152,152,2022-06-02,0.5,0.0344827586206896,0,0.4545454545454545,0.6666666666666666,0.3333333333333333,0,0,1.0,0.0
153,153,2022-06-03,0.6666666666666666,0.0689655172413793,0,0.4545454545454545,0.6666666666666666,0.3333333333333333,0,0,1.0,0.0
154,154,2022-06-04,0.8333333333333334,0.1034482758620689,1,0.4545454545454545,0.6666666666666666,0.3333333333333333,0,0,1.0,0.0
155,155,2022-06-05,1.0,0.1379310344827586,1,0.4545454545454545,0.6666666666666666,0.3333333333333333,0,0,1.0,0.0
156,156,2022-06-06,0.0,0.1724137931034483,0,0.4545454545454545,0.6666666666666666,0.3333333333333333,1,0,1.0,0.5
157,157,2022-06-07,0.1666666666666666,0.2068965517241379,0,0.4545454545454545,0.6666666666666666,0.3333333333333333,0,0,1.0,0.0
158,158,2022-06-08,0.3333333333333333,0.2413793103448276,0,0.4545454545454545,0.6666666666666666,0.3333333333333333,0,1,1.0,0.5
159,159,2022-06-09,0.5,0.2758620689655172,0,0.4545454545454545,0.6666666666666666,0.3333333333333333,0,1,0.0,0.5
160,160,2022-06-10,0.6666666666666666,0.3103448275862069,0,0.4545454545454545,0.6666666666666666,0.3333333333333333,0,1,0.0,0.5
161,161,2022-06-11,0.8333333333333334,0.3448275862068966,1,0.4545454545454545,0.6666666666666666,0.3333333333333333,0,0,0.0,0.0
162,162,2022-06-12,1.0,0.3793103448275862,1,0.4545454545454545,0.6666666666666666,0.3333333333333333,0,0,0.0,0.0
163,163,2022-06-13,0.0,0.4137931034482758,0,0.4545454545454545,0.6666666666666666,0.3333333333333333,0,0,0.0,0.0
164,164,2022-06-14,0.1666666666666666,0.4482758620689655,0,0.4545454545454545,0.6666666666666666,0.3333333333333333,0,0,0.0,0.0
165,165,2022-06-15,0.3333333333333333,0.4827586206896552,0,0.4545454545454545,0.6666666666666666,0.3333333333333333,0,0,0.0,0.0
166,166,2022-06-16,0.5,0.5172413793103449,0,0.4545454545454545,0.6666666666666666,0.3333333333333333,0,0,0.0,0.0
167,167,2022-06-17,0.6666666666666666,0.5517241379310345,0,0.4545454545454545,0.6666666666666666,0.3333333333333333,0,0,0.0,0.0
168,168,2022-06-18,0.8333333333333334,0.5862068965517241,1,0.4545454545454545,0.6666666666666666,0.3333333333333333,0,0,0.0,0.0
169,169,2022-06-19,1.0,0.6206896551724138,1,0.4545454545454545,0.6666666666666666,0.3333333333333333,0,0,0.0,0.0
170,170,2022-06-20,0.0,0.6551724137931034,0,0.4545454545454545,0.6666666666666666,0.3333333333333333,0,0,0.0,0.0
171,171,2022-06-21,0.1666666666666666,0.6896551724137931,0,0.4545454545454545,0.6666666666666666,0.3333333333333333,0,0,0.0,0.0
172,172,2022-06-22,0.3333333333333333,0.7241379310344828,0,0.4545454545454545,0.6666666666666666,0.3333333333333333,0,0,0.0,0.0
173,173,2022-06-23,0.5,0.7586206896551724,0,0.4545454545454545,0.6666666666666666,0.3333333333333333,0,1,0.0,0.5
174,174,2022-06-24,0.6666666666666666,0.7931034482758621,0,0.4545454545454545,0.6666666666666666,0.3333333333333333,0,1,0.0,0.5
175,175,2022-06-25,0.8333333333333334,0.8275862068965517,1,0.4545454545454545,0.6666666666666666,0.3333333333333333,0,1,1.0,0.5
176,176,2022-06-26,1.0,0.8620689655172413,1,0.4545454545454545,0.6666666666666666,0.3333333333333333,0,0,1.0,0.0
177,177,2022-06-27,0.0,0.896551724137931,0,0.4545454545454545,0.6666666666666666,0.3333333333333333,0,0,1.0,0.0
178,178,2022-06-28,0.1666666666666666,0.9310344827586208,0,0.4545454545454545,0.6666666666666666,0.3333333333333333,0,0,0.0,0.0
179,179,2022-06-29,0.3333333333333333,0.9655172413793104,0,0.4545454545454545,0.6666666666666666,0.3333333333333333,0,0,0.0,0.0
180,180,2022-06-30,0.5,1.0,0,0.4545454545454545,0.6666666666666666,0.3333333333333333,0,0,0.0,0.0
181,181,2022-07-01,0.6666666666666666,0.0,0,0.5454545454545454,0.6666666666666666,0.6666666666666666,0,0,0.0,0.0
182,182,2022-07-02,0.8333333333333334,0.0333333333333333,1,0.5454545454545454,0.6666666666666666,0.6666666666666666,0,0,0.0,0.0
183,183,2022-07-03,1.0,0.0666666666666666,1,0.5454545454545454,0.6666666666666666,0.6666666666666666,0,0,0.0,0.0
184,184,2022-07-04,0.0,0.1,0,0.5454545454545454,0.6666666666666666,0.6666666666666666,0,0,0.0,0.0
185,185,2022-07-05,0.1666666666666666,0.1333333333333333,0,0.5454545454545454,0.6666666666666666,0.6666666666666666,0,0,0.0,0.0
186,186,2022-07-06,0.3333333333333333,0.1666666666666666,0,0.5454545454545454,0.6666666666666666,0.6666666666666666,0,0,0.0,0.0
187,187,2022-07-07,0.5,0.2,0,0.5454545454545454,0.6666666666666666,0.6666666666666666,0,0,0.0,0.0
188,188,2022-07-08,0.6666666666666666,0.2333333333333333,0,0.5454545454545454,0.6666666666666666,0.6666666666666666,0,1,0.0,0.5
189,189,2022-07-09,0.8333333333333334,0.2666666666666666,1,0.5454545454545454,0.6666666666666666,0.6666666666666666,0,1,0.0,0.5
190,190,2022-07-10,1.0,0.3,1,0.5454545454545454,0.6666666666666666,0.6666666666666666,0,1,0.0,0.5
191,191,2022-07-11,0.0,0.3333333333333333,0,0.5454545454545454,0.6666666666666666,0.6666666666666666,0,0,0.0,0.0
192,192,2022-07-12,0.1666666666666666,0.3666666666666666,0,0.5454545454545454,0.6666666666666666,0.6666666666666666,0,0,0.0,0.0
193,193,2022-07-13,0.3333333333333333,0.4,0,0.5454545454545454,0.6666666666666666,0.6666666666666666,0,0,0.0,0.0
194,194,2022-07-14,0.5,0.4333333333333333,0,0.5454545454545454,0.6666666666666666,0.6666666666666666,0,0,0.0,0.0
195,195,2022-07-15,0.6666666666666666,0.4666666666666667,0,0.5454545454545454,0.6666666666666666,0.6666666666666666,0,0,0.0,0.0
196,196,2022-07-16,0.8333333333333334,0.5,1,0.5454545454545454,0.6666666666666666,0.6666666666666666,0,0,0.0,0.0
197,197,2022-07-17,1.0,0.5333333333333333,1,0.5454545454545454,0.6666666666666666,0.6666666666666666,0,0,0.0,0.0
198,198,2022-07-18,0.0,0.5666666666666667,0,0.5454545454545454,0.6666666666666666,0.6666666666666666,0,0,0.0,0.0
199,199,2022-07-19,0.1666666666666666,0.6,0,0.5454545454545454,0.6666666666666666,0.6666666666666666,0,0,0.0,0.0
200,200,2022-07-20,0.3333333333333333,0.6333333333333333,0,0.5454545454545454,0.6666666666666666,0.6666666666666666,0,0,0.0,0.0
201,201,2022-07-21,0.5,0.6666666666666666,0,0.5454545454545454,0.6666666666666666,0.6666666666666666,0,0,0.0,0.0
202,202,2022-07-22,0.6666666666666666,0.7,0,0.5454545454545454,0.6666666666666666,0.6666666666666666,0,0,0.0,0.0
203,203,2022-07-23,0.8333333333333334,0.7333333333333333,1,0.5454545454545454,0.6666666666666666,0.6666666666666666,0,1,0.0,0.5
204,204,2022-07-24,1.0,0.7666666666666667,1,0.5454545454545454,0.6666666666666666,0.6666666666666666,0,1,0.0,0.5
205,205,2022-07-25,0.0,0.8,0,0.5454545454545454,0.6666666666666666,0.6666666666666666,0,1,1.0,0.5
206,206,2022-07-26,0.1666666666666666,0.8333333333333334,0,0.5454545454545454,0.6666666666666666,0.6666666666666666,0,0,1.0,0.0
207,207,2022-07-27,0.3333333333333333,0.8666666666666667,0,0.5454545454545454,0.6666666666666666,0.6666666666666666,0,0,1.0,0.0
208,208,2022-07-28,0.5,0.9,0,0.5454545454545454,0.6666666666666666,0.6666666666666666,0,0,0.0,0.0
209,209,2022-07-29,0.6666666666666666,0.9333333333333332,0,0.5454545454545454,0.6666666666666666,0.6666666666666666,0,0,0.0,0.0
210,210,2022-07-30,0.8333333333333334,0.9666666666666668,1,0.5454545454545454,0.6666666666666666,0.6666666666666666,0,0,0.0,0.0
211,211,2022-07-31,1.0,1.0,1,0.5454545454545454,0.6666666666666666,0.6666666666666666,0,0,0.0,0.0
212,212,2022-08-01,0.0,0.0,0,0.6363636363636364,0.6666666666666666,0.6666666666666666,0,1,0.0,0.5
213,213,2022-08-02,0.1666666666666666,0.0333333333333333,0,0.6363636363636364,0.6666666666666666,0.6666666666666666,0,1,0.0,0.5
214,214,2022-08-03,0.3333333333333333,0.0666666666666666,0,0.6363636363636364,0.6666666666666666,0.6666666666666666,0,1,0.0,0.5
215,215,2022-08-04,0.5,0.1,0,0.6363636363636364,0.6666666666666666,0.6666666666666666,0,1,0.0,0.5
216,216,2022-08-05,0.6666666666666666,0.1333333333333333,0,0.6363636363636364,0.6666666666666666,0.6666666666666666,0,1,0.0,0.5
217,217,2022-08-06,0.8333333333333334,0.1666666666666666,1,0.6363636363636364,0.6666666666666666,0.6666666666666666,0,1,0.0,0.5
218,218,2022-08-07,1.0,0.2,1,0.6363636363636364,0.6666666666666666,0.6666666666666666,0,1,0.0,0.5
219,219,2022-08-08,0.0,0.2333333333333333,0,0.6363636363636364,0.6666666666666666,0.6666666666666666,0,1,0.0,0.5
220,220,2022-08-09,0.1666666666666666,0.2666666666666666,0,0.6363636363636364,0.6666666666666666,0.6666666666666666,0,1,0.0,0.5
221,221,2022-08-10,0.3333333333333333,0.3,0,0.6363636363636364,0.6666666666666666,0.6666666666666666,0,1,0.0,0.5
222,222,2022-08-11,0.5,0.3333333333333333,0,0.6363636363636364,0.6666666666666666,0.6666666666666666,0,1,0.0,0.5
223,223,2022-08-12,0.6666666666666666,0.3666666666666666,0,0.6363636363636364,0.6666666666666666,0.6666666666666666,0,1,0.0,0.5
224,224,2022-08-13,0.8333333333333334,0.4,1,0.6363636363636364,0.6666666666666666,0.6666666666666666,0,1,0.0,0.5
225,225,2022-08-14,1.0,0.4333333333333333,1,0.6363636363636364,0.6666666666666666,0.6666666666666666,0,1,0.0,0.5
226,226,2022-08-15,0.0,0.4666666666666667,0,0.6363636363636364,0.6666666666666666,0.6666666666666666,1,1,0.0,1.0
227,227,2022-08-16,0.1666666666666666,0.5,0,0.6363636363636364,0.6666666666666666,0.6666666666666666,0,1,0.0,0.5
228,228,2022-08-17,0.3333333333333333,0.5333333333333333,0,0.6363636363636364,0.6666666666666666,0.6666666666666666,0,1,0.0,0.5
229,229,2022-08-18,0.5,0.5666666666666667,0,0.6363636363636364,0.6666666666666666,0.6666666666666666,0,1,0.0,0.5
230,230,2022-08-19,0.6666666666666666,0.6,0,0.6363636363636364,0.6666666666666666,0.6666666666666666,0,1,0.0,0.5
231,231,2022-08-20,0.8333333333333334,0.6333333333333333,1,0.6363636363636364,0.6666666666666666,0.6666666666666666,0,1,0.0,0.5
232,232,2022-08-21,1.0,0.6666666666666666,1,0.6363636363636364,0.6666666666666666,0.6666666666666666,0,1,0.0,0.5
233,233,2022-08-22,0.0,0.7,0,0.6363636363636364,0.6666666666666666,0.6666666666666666,0,1,0.0,0.5
234,234,2022-08-23,0.1666666666666666,0.7333333333333333,0,0.6363636363636364,0.6666666666666666,0.6666666666666666,0,1,0.0,0.5
235,235,2022-08-24,0.3333333333333333,0.7666666666666667,0,0.6363636363636364,0.6666666666666666,0.6666666666666666,0,1,0.0,0.5
236,236,2022-08-25,0.5,0.8,0,0.6363636363636364,0.6666666666666666,0.6666666666666666,0,1,1.0,0.5
237,237,2022-08-26,0.6666666666666666,0.8333333333333334,0,0.6363636363636364,0.6666666666666666,0.6666666666666666,0,1,1.0,0.5
238,238,2022-08-27,0.8333333333333334,0.8666666666666667,1,0.6363636363636364,0.6666666666666666,0.6666666666666666,0,1,1.0,0.5
239,239,2022-08-28,1.0,0.9,1,0.6363636363636364,0.6666666666666666,0.6666666666666666,0,1,0.0,0.5
240,240,2022-08-29,0.0,0.9333333333333332,0,0.6363636363636364,0.6666666666666666,0.6666666666666666,0,1,0.0,0.5
241,241,2022-08-30,0.1666666666666666,0.9666666666666668,0,0.6363636363636364,0.6666666666666666,0.6666666666666666,0,1,0.0,0.5
242,242,2022-08-31,0.3333333333333333,1.0,0,0.6363636363636364,0.6666666666666666,0.6666666666666666,0,1,0.0,0.5
243,243,2022-09-01,0.5,0.0,0,0.7272727272727273,1.0,0.6666666666666666,0,1,1.0,0.5
244,244,2022-09-02,0.6666666666666666,0.0344827586206896,0,0.7272727272727273,1.0,0.6666666666666666,0,1,1.0,0.5
245,245,2022-09-03,0.8333333333333334,0.0689655172413793,1,0.7272727272727273,1.0,0.6666666666666666,0,1,1.0,0.5
246,246,2022-09-04,1.0,0.1034482758620689,1,0.7272727272727273,1.0,0.6666666666666666,0,1,1.0,0.5
247,247,2022-09-05,0.0,0.1379310344827586,0,0.7272727272727273,1.0,0.6666666666666666,0,1,1.0,0.5
248,248,2022-09-06,0.1666666666666666,0.1724137931034483,0,0.7272727272727273,1.0,0.6666666666666666,0,1,1.0,0.5
249,249,2022-09-07,0.3333333333333333,0.2068965517241379,0,0.7272727272727273,1.0,0.6666666666666666,0,1,1.0,0.5
250,250,2022-09-08,0.5,0.2413793103448276,0,0.7272727272727273,1.0,0.6666666666666666,0,1,0.0,0.5
251,251,2022-09-09,0.6666666666666666,0.2758620689655172,0,0.7272727272727273,1.0,0.6666666666666666,1,1,0.0,1.0
252,252,2022-09-10,0.8333333333333334,0.3103448275862069,1,0.7272727272727273,1.0,0.6666666666666666,1,1,0.0,1.0
253,253,2022-09-11,1.0,0.3448275862068966,1,0.7272727272727273,1.0,0.6666666666666666,1,1,0.0,1.0
254,254,2022-09-12,0.0,0.3793103448275862,0,0.7272727272727273,1.0,0.6666666666666666,1,1,0.0,1.0
255,255,2022-09-13,0.1666666666666666,0.4137931034482758,0,0.7272727272727273,1.0,0.6666666666666666,0,1,0.0,0.5
256,256,2022-09-14,0.3333333333333333,0.4482758620689655,0,0.7272727272727273,1.0,0.6666666666666666,0,1,0.0,0.5
257,257,2022-09-15,0.5,0.4827586206896552,0,0.7272727272727273,1.0,0.6666666666666666,0,1,0.0,0.5
258,258,2022-09-16,0.6666666666666666,0.5172413793103449,0,0.7272727272727273,1.0,0.6666666666666666,0,1,0.0,0.5
259,259,2022-09-17,0.8333333333333334,0.5517241379310345,1,0.7272727272727273,1.0,0.6666666666666666,0,1,0.0,0.5
260,260,2022-09-18,1.0,0.5862068965517241,1,0.7272727272727273,1.0,0.6666666666666666,0,1,0.0,0.5
261,261,2022-09-19,0.0,0.6206896551724138,0,0.7272727272727273,1.0,0.6666666666666666,0,1,0.0,0.5
262,262,2022-09-20,0.1666666666666666,0.6551724137931034,0,0.7272727272727273,1.0,0.6666666666666666,0,1,0.0,0.5
263,263,2022-09-21,0.3333333333333333,0.6896551724137931,0,0.7272727272727273,1.0,0.6666666666666666,0,1,0.0,0.5
264,264,2022-09-22,0.5,0.7241379310344828,0,0.7272727272727273,1.0,0.6666666666666666,0,1,0.0,0.5
265,265,2022-09-23,0.6666666666666666,0.7586206896551724,0,0.7272727272727273,1.0,0.6666666666666666,0,1,0.0,0.5
266,266,2022-09-24,0.8333333333333334,0.7931034482758621,1,0.7272727272727273,1.0,0.6666666666666666,0,1,0.0,0.5
267,267,2022-09-25,1.0,0.8275862068965517,1,0.7272727272727273,1.0,0.6666666666666666,0,1,1.0,0.5
268,268,2022-09-26,0.0,0.8620689655172413,0,0.7272727272727273,1.0,0.6666666666666666,0,1,1.0,0.5
269,269,2022-09-27,0.1666666666666666,0.896551724137931,0,0.7272727272727273,1.0,0.6666666666666666,0,1,1.0,0.5
270,270,2022-09-28,0.3333333333333333,0.9310344827586208,0,0.7272727272727273,1.0,0.6666666666666666,0,1,0.0,0.5
271,271,2022-09-29,0.5,0.9655172413793104,0,0.7272727272727273,1.0,0.6666666666666666,0,1,0.0,0.5
272,272,2022-09-30,0.6666666666666666,1.0,0,0.7272727272727273,1.0,0.6666666666666666,0,1,0.0,0.5
273,273,2022-10-01,0.8333333333333334,0.0,1,0.8181818181818182,1.0,1.0,0,1,0.0,0.5
274,274,2022-10-02,1.0,0.0333333333333333,1,0.8181818181818182,1.0,1.0,0,1,0.0,0.5
275,275,2022-10-03,0.0,0.0666666666666666,0,0.8181818181818182,1.0,1.0,1,1,0.0,1.0
276,276,2022-10-04,0.1666666666666666,0.1,0,0.8181818181818182,1.0,1.0,0,1,0.0,0.5
277,277,2022-10-05,0.3333333333333333,0.1333333333333333,0,0.8181818181818182,1.0,1.0,0,1,0.0,0.5
278,278,2022-10-06,0.5,0.1666666666666666,0,0.8181818181818182,1.0,1.0,0,1,0.0,0.5
279,279,2022-10-07,0.6666666666666666,0.2,0,0.8181818181818182,1.0,1.0,0,1,0.0,0.5
280,280,2022-10-08,0.8333333333333334,0.2333333333333333,1,0.8181818181818182,1.0,1.0,0,1,0.0,0.5
281,281,2022-10-09,1.0,0.2666666666666666,1,0.8181818181818182,1.0,1.0,1,1,0.0,1.0
282,282,2022-10-10,0.0,0.3,0,0.8181818181818182,1.0,1.0,1,1,0.0,1.0
283,283,2022-10-11,0.1666666666666666,0.3333333333333333,0,0.8181818181818182,1.0,1.0,0,1,0.0,0.5
284,284,2022-10-12,0.3333333333333333,0.3666666666666666,0,0.8181818181818182,1.0,1.0,0,1,0.0,0.5
285,285,2022-10-13,0.5,0.4,0,0.8181818181818182,1.0,1.0,0,1,0.0,0.5
286,286,2022-10-14,0.6666666666666666,0.4333333333333333,0,0.8181818181818182,1.0,1.0,0,1,0.0,0.5
287,287,2022-10-15,0.8333333333333334,0.4666666666666667,1,0.8181818181818182,1.0,1.0,0,1,0.0,0.5
288,288,2022-10-16,1.0,0.5,1,0.8181818181818182,1.0,1.0,0,1,0.0,0.5
289,289,2022-10-17,0.0,0.5333333333333333,0,0.8181818181818182,1.0,1.0,0,1,0.0,0.5
290,290,2022-10-18,0.1666666666666666,0.5666666666666667,0,0.8181818181818182,1.0,1.0,0,1,0.0,0.5
291,291,2022-10-19,0.3333333333333333,0.6,0,0.8181818181818182,1.0,1.0,0,1,0.0,0.5
292,292,2022-10-20,0.5,0.6333333333333333,0,0.8181818181818182,1.0,1.0,0,1,0.0,0.5
293,293,2022-10-21,0.6666666666666666,0.6666666666666666,0,0.8181818181818182,1.0,1.0,0,1,0.0,0.5
294,294,2022-10-22,0.8333333333333334,0.7,1,0.8181818181818182,1.0,1.0,0,1,0.0,0.5
295,295,2022-10-23,1.0,0.7333333333333333,1,0.8181818181818182,1.0,1.0,0,1,0.0,0.5
296,296,2022-10-24,0.0,0.7666666666666667,0,0.8181818181818182,1.0,1.0,0,1,0.0,0.5
297,297,2022-10-25,0.1666666666666666,0.8,0,0.8181818181818182,1.0,1.0,0,1,1.0,0.5
298,298,2022-10-26,0.3333333333333333,0.8333333333333334,0,0.8181818181818182,1.0,1.0,0,1,1.0,0.5
299,299,2022-10-27,0.5,0.8666666666666667,0,0.8181818181818182,1.0,1.0,0,1,1.0,0.5
300,300,2022-10-28,0.6666666666666666,0.9,0,0.8181818181818182,1.0,1.0,0,1,0.0,0.5
301,301,2022-10-29,0.8333333333333334,0.9333333333333332,1,0.8181818181818182,1.0,1.0,0,1,0.0,0.5
302,302,2022-10-30,1.0,0.9666666666666668,1,0.8181818181818182,1.0,1.0,0,1,0.0,0.5
303,303,2022-10-31,0.0,1.0,0,0.8181818181818182,1.0,1.0,0,1,0.0,0.5
304,304,2022-11-01,0.1666666666666666,0.0,0,0.9090909090909092,1.0,1.0,0,0,1.0,0.0
305,305,2022-11-02,0.3333333333333333,0.0344827586206896,0,0.9090909090909092,1.0,1.0,0,0,1.0,0.0
306,306,2022-11-03,0.5,0.0689655172413793,0,0.9090909090909092,1.0,1.0,0,0,1.0,0.0
307,307,2022-11-04,0.6666666666666666,0.1034482758620689,0,0.9090909090909092,1.0,1.0,0,0,1.0,0.0
308,308,2022-11-05,0.8333333333333334,0.1379310344827586,1,0.9090909090909092,1.0,1.0,0,0,1.0,0.0
309,309,2022-11-06,1.0,0.1724137931034483,1,0.9090909090909092,1.0,1.0,0,0,1.0,0.0
310,310,2022-11-07,0.0,0.2068965517241379,0,0.9090909090909092,1.0,1.0,0,0,1.0,0.0
311,311,2022-11-08,0.1666666666666666,0.2413793103448276,0,0.9090909090909092,1.0,1.0,0,1,1.0,0.5
312,312,2022-11-09,0.3333333333333333,0.2758620689655172,0,0.9090909090909092,1.0,1.0,0,1,1.0,0.5
313,313,2022-11-10,0.5,0.3103448275862069,0,0.9090909090909092,1.0,1.0,0,1,1.0,0.5
314,314,2022-11-11,0.6666666666666666,0.3448275862068966,0,0.9090909090909092,1.0,1.0,0,0,1.0,0.0
315,315,2022-11-12,0.8333333333333334,0.3793103448275862,1,0.9090909090909092,1.0,1.0,0,0,1.0,0.0
316,316,2022-11-13,1.0,0.4137931034482758,1,0.9090909090909092,1.0,1.0,0,0,1.0,0.0
317,317,2022-11-14,0.0,0.4482758620689655,0,0.9090909090909092,1.0,1.0,0,0,1.0,0.0
318,318,2022-11-15,0.1666666666666666,0.4827586206896552,0,0.9090909090909092,1.0,1.0,0,0,1.0,0.0
319,319,2022-11-16,0.3333333333333333,0.5172413793103449,0,0.9090909090909092,1.0,1.0,0,0,0.0,0.0
320,320,2022-11-17,0.5,0.5517241379310345,0,0.9090909090909092,1.0,1.0,0,0,1.0,0.0
321,321,2022-11-18,0.6666666666666666,0.5862068965517241,0,0.9090909090909092,1.0,1.0,0,0,1.0,0.0
322,322,2022-11-19,0.8333333333333334,0.6206896551724138,1,0.9090909090909092,1.0,1.0,0,0,1.0,0.0
323,323,2022-11-20,1.0,0.6551724137931034,1,0.9090909090909092,1.0,1.0,0,0,1.0,0.0
324,324,2022-11-21,0.0,0.6896551724137931,0,0.9090909090909092,1.0,1.0,0,0,1.0,0.0
325,325,2022-11-22,0.1666666666666666,0.7241379310344828,0,0.9090909090909092,1.0,1.0,0,0,1.0,0.0
326,326,2022-11-23,0.3333333333333333,0.7586206896551724,0,0.9090909090909092,1.0,1.0,0,1,1.0,0.5
327,327,2022-11-24,0.5,0.7931034482758621,0,0.9090909090909092,1.0,1.0,0,1,1.0,0.5
328,328,2022-11-25,0.6666666666666666,0.8275862068965517,0,0.9090909090909092,1.0,1.0,0,1,1.0,0.5
329,329,2022-11-26,0.8333333333333334,0.8620689655172413,1,0.9090909090909092,1.0,1.0,0,0,1.0,0.0
330,330,2022-11-27,1.0,0.896551724137931,1,0.9090909090909092,1.0,1.0,0,0,1.0,0.0
331,331,2022-11-28,0.0,0.9310344827586208,0,0.9090909090909092,1.0,1.0,0,0,1.0,0.0
332,332,2022-11-29,0.1666666666666666,0.9655172413793104,0,0.9090909090909092,1.0,1.0,0,0,1.0,0.0
333,333,2022-11-30,0.3333333333333333,1.0,0,0.9090909090909092,1.0,1.0,0,0,1.0,0.0
334,334,2022-12-01,0.5,0.0,0,1.0,0.0,1.0,0,0,1.0,0.0
335,335,2022-12-02,0.6666666666666666,0.0333333333333333,0,1.0,0.0,1.0,0,0,1.0,0.0
336,336,2022-12-03,0.8333333333333334,0.0666666666666666,1,1.0,0.0,1.0,0,0,1.0,0.0
337,337,2022-12-04,1.0,0.1,1,1.0,0.0,1.0,0,0,1.0,0.0
338,338,2022-12-05,0.0,0.1333333333333333,0,1.0,0.0,1.0,0,0,1.0,0.0
339,339,2022-12-06,0.1666666666666666,0.1666666666666666,0,1.0,0.0,1.0,0,0,1.0,0.0
340,340,2022-12-07,0.3333333333333333,0.2,0,1.0,0.0,1.0,0,0,1.0,0.0
341,341,2022-12-08,0.5,0.2333333333333333,0,1.0,0.0,1.0,0,1,0.0,0.5
342,342,2022-12-09,0.6666666666666666,0.2666666666666666,0,1.0,0.0,1.0,0,1,0.0,0.5
343,343,2022-12-10,0.8333333333333334,0.3,1,1.0,0.0,1.0,0,1,0.0,0.5
344,344,2022-12-11,1.0,0.3333333333333333,1,1.0,0.0,1.0,0,0,0.0,0.0
345,345,2022-12-12,0.0,0.3666666666666666,0,1.0,0.0,1.0,0,0,0.0,0.0
346,346,2022-12-13,0.1666666666666666,0.4,0,1.0,0.0,1.0,0,0,0.0,0.0
347,347,2022-12-14,0.3333333333333333,0.4333333333333333,0,1.0,0.0,1.0,0,0,0.0,0.0
348,348,2022-12-15,0.5,0.4666666666666667,0,1.0,0.0,1.0,0,0,0.0,0.0
349,349,2022-12-16,0.6666666666666666,0.5,0,1.0,0.0,1.0,0,0,0.0,0.0
350,350,2022-12-17,0.8333333333333334,0.5333333333333333,1,1.0,0.0,1.0,0,0,0.0,0.0
351,351,2022-12-18,1.0,0.5666666666666667,1,1.0,0.0,1.0,0,0,0.0,0.0
352,352,2022-12-19,0.0,0.6,0,1.0,0.0,1.0,0,0,0.0,0.0
353,353,2022-12-20,0.1666666666666666,0.6333333333333333,0,1.0,0.0,1.0,0,0,0.0,0.0
354,354,2022-12-21,0.3333333333333333,0.6666666666666666,0,1.0,0.0,1.0,0,0,0.0,0.0
355,355,2022-12-22,0.5,0.7,0,1.0,0.0,1.0,0,0,0.0,0.0
356,356,2022-12-23,0.6666666666666666,0.7333333333333333,0,1.0,0.0,1.0,0,1,0.0,0.5
357,357,2022-12-24,0.8333333333333334,0.7666666666666667,1,1.0,0.0,1.0,0,1,0.0,0.5
358,358,2022-12-25,1.0,0.8,1,1.0,0.0,1.0,1,1,1.0,1.0
359,359,2022-12-26,0.0,0.8333333333333334,0,1.0,0.0,1.0,0,0,1.0,0.0
360,360,2022-12-27,0.1666666666666666,0.8666666666666667,0,1.0,0.0,1.0,0,0,1.0,0.0
361,361,2022-12-28,0.3333333333333333,0.9,0,1.0,0.0,1.0,0,0,0.0,0.0
362,362,2022-12-29,0.5,0.9333333333333332,0,1.0,0.0,1.0,0,0,0.0,0.0
363,363,2022-12-30,0.6666666666666666,0.9666666666666668,0,1.0,0.0,1.0,0,0,0.0,0.0
364,364,2022-12-31,0.8333333333333334,1.0,1,1.0,0.0,1.0,0,0,0.0,0.0
365,365,2023-01-01,1.0,0.0,1,0.0,0.0,0.0,1,0,0.0,0.5
366,366,2023-01-02,0.0,0.0333333333333333,0,0.0,0.0,0.0,0,0,0.0,0.0
367,367,2023-01-03,0.1666666666666666,0.0666666666666666,0,0.0,0.0,0.0,0,0,0.0,0.0
368,368,2023-01-04,0.3333333333333333,0.1,0,0.0,0.0,0.0,0,0,0.0,0.0
369,369,2023-01-05,0.5,0.1333333333333333,0,0.0,0.0,0.0,0,0,0.0,0.0
370,370,2023-01-06,0.6666666666666666,0.1666666666666666,0,0.0,0.0,0.0,0,0,0.0,0.0
371,371,2023-01-07,0.8333333333333334,0.2,1,0.0,0.0,0.0,0,0,0.0,0.0
372,372,2023-01-08,1.0,0.2333333333333333,1,0.0,0.0,0.0,0,1,1.0,0.5
373,373,2023-01-09,0.0,0.2666666666666666,0,0.0,0.0,0.0,0,1,1.0,0.5
374,374,2023-01-10,0.1666666666666666,0.3,0,0.0,0.0,0.0,0,1,1.0,0.5
375,375,2023-01-11,0.3333333333333333,0.3333333333333333,0,0.0,0.0,0.0,0,0,1.0,0.0
376,376,2023-01-12,0.5,0.3666666666666666,0,0.0,0.0,0.0,0,0,1.0,0.0
377,377,2023-01-13,0.6666666666666666,0.4,0,0.0,0.0,0.0,0,0,1.0,0.0
378,378,2023-01-14,0.8333333333333334,0.4333333333333333,1,0.0,0.0,0.0,0,0,1.0,0.0
379,379,2023-01-15,1.0,0.4666666666666667,1,0.0,0.0,0.0,0,0,1.0,0.0
380,380,2023-01-16,0.0,0.5,0,0.0,0.0,0.0,0,0,1.0,0.0
381,381,2023-01-17,0.1666666666666666,0.5333333333333333,0,0.0,0.0,0.0,0,0,1.0,0.0
382,382,2023-01-18,0.3333333333333333,0.5666666666666667,0,0.0,0.0,0.0,0,0,0.0,0.0
383,383,2023-01-19,0.5,0.6,0,0.0,0.0,0.0,0,0,0.0,0.0
384,384,2023-01-20,0.6666666666666666,0.6333333333333333,0,0.0,0.0,0.0,0,0,0.0,0.0
385,385,2023-01-21,0.8333333333333334,0.6666666666666666,1,0.0,0.0,0.0,1,0,0.0,0.5
386,386,2023-01-22,1.0,0.7,1,0.0,0.0,0.0,1,0,0.0,0.5
387,387,2023-01-23,0.0,0.7333333333333333,0,0.0,0.0,0.0,1,1,0.0,1.0
388,388,2023-01-24,0.1666666666666666,0.7666666666666667,0,0.0,0.0,0.0,1,1,0.0,1.0
389,389,2023-01-25,0.3333333333333333,0.8,0,0.0,0.0,0.0,0,1,1.0,0.5
390,390,2023-01-26,0.5,0.8333333333333334,0,0.0,0.0,0.0,0,0,1.0,0.0
391,391,2023-01-27,0.6666666666666666,0.8666666666666667,0,0.0,0.0,0.0,0,0,1.0,0.0
392,392,2023-01-28,0.8333333333333334,0.9,1,0.0,0.0,0.0,0,0,0.0,0.0
393,393,2023-01-29,1.0,0.9333333333333332,1,0.0,0.0,0.0,0,0,0.0,0.0
394,394,2023-01-30,0.0,0.9666666666666668,0,0.0,0.0,0.0,0,0,0.0,0.0
395,395,2023-01-31,0.1666666666666666,1.0,0,0.0,0.0,0.0,0,0,0.0,0.0
396,396,2023-02-01,0.3333333333333333,0.0,0,0.0909090909090909,0.0,0.0,0,0,0.0,0.0
397,397,2023-02-02,0.5,0.037037037037037,0,0.0909090909090909,0.0,0.0,0,0,0.0,0.0
398,398,2023-02-03,0.6666666666666666,0.074074074074074,0,0.0909090909090909,0.0,0.0,0,0,0.0,0.0
399,399,2023-02-04,0.8333333333333334,0.1111111111111111,1,0.0909090909090909,0.0,0.0,0,0,1.0,0.0
400,400,2023-02-05,1.0,0.1481481481481481,1,0.0909090909090909,0.0,0.0,0,0,1.0,0.0
401,401,2023-02-06,0.0,0.1851851851851851,0,0.0909090909090909,0.0,0.0,0,0,0.0,0.0
402,402,2023-02-07,0.1666666666666666,0.2222222222222222,0,0.0909090909090909,0.0,0.0,0,0,0.0,0.0
403,403,2023-02-08,0.3333333333333333,0.2592592592592592,0,0.0909090909090909,0.0,0.0,0,1,0.0,0.5
404,404,2023-02-09,0.5,0.2962962962962963,0,0.0909090909090909,0.0,0.0,0,1,0.0,0.5
405,405,2023-02-10,0.6666666666666666,0.3333333333333333,0,0.0909090909090909,0.0,0.0,0,1,0.0,0.5
406,406,2023-02-11,0.8333333333333334,0.3703703703703703,1,0.0909090909090909,0.0,0.0,0,0,0.0,0.0
407,407,2023-02-12,1.0,0.4074074074074074,1,0.0909090909090909,0.0,0.0,0,0,0.0,0.0
408,408,2023-02-13,0.0,0.4444444444444444,0,0.0909090909090909,0.0,0.0,0,0,0.0,0.0
409,409,2023-02-14,0.1666666666666666,0.4814814814814814,0,0.0909090909090909,0.0,0.0,0,0,0.0,0.0
410,410,2023-02-15,0.3333333333333333,0.5185185185185185,0,0.0909090909090909,0.0,0.0,0,0,0.0,0.0
411,411,2023-02-16,0.5,0.5555555555555556,0,0.0909090909090909,0.0,0.0,0,0,0.0,0.0
412,412,2023-02-17,0.6666666666666666,0.5925925925925926,0,0.0909090909090909,0.0,0.0,0,0,0.0,0.0
413,413,2023-02-18,0.8333333333333334,0.6296296296296297,1,0.0909090909090909,0.0,0.0,0,0,0.0,0.0
414,414,2023-02-19,1.0,0.6666666666666666,1,0.0909090909090909,0.0,0.0,0,0,0.0,0.0
415,415,2023-02-20,0.0,0.7037037037037037,0,0.0909090909090909,0.0,0.0,0,0,0.0,0.0
416,416,2023-02-21,0.1666666666666666,0.7407407407407407,0,0.0909090909090909,0.0,0.0,0,0,0.0,0.0
417,417,2023-02-22,0.3333333333333333,0.7777777777777778,0,0.0909090909090909,0.0,0.0,0,0,0.0,0.0
418,418,2023-02-23,0.5,0.8148148148148148,0,0.0909090909090909,0.0,0.0,0,1,0.0,0.5
419,419,2023-02-24,0.6666666666666666,0.8518518518518519,0,0.0909090909090909,0.0,0.0,0,1,0.0,0.5
420,420,2023-02-25,0.8333333333333334,0.8888888888888888,1,0.0909090909090909,0.0,0.0,0,1,1.0,0.5
421,421,2023-02-26,1.0,0.925925925925926,1,0.0909090909090909,0.0,0.0,0,0,1.0,0.0
422,422,2023-02-27,0.0,0.9629629629629628,0,0.0909090909090909,0.0,0.0,0,0,1.0,0.0
423,423,2023-02-28,0.1666666666666666,1.0,0,0.0909090909090909,0.0,0.0,0,0,0.0,0.0
424,424,2023-03-01,0.3333333333333333,0.0,0,0.1818181818181818,0.3333333333333333,0.0,1,0,0.0,0.5
425,425,2023-03-02,0.5,0.0333333333333333,0,0.1818181818181818,0.3333333333333333,0.0,0,0,0.0,0.0
426,426,2023-03-03,0.6666666666666666,0.0666666666666666,0,0.1818181818181818,0.3333333333333333,0.0,0,0,0.0,0.0
427,427,2023-03-04,0.8333333333333334,0.1,1,0.1818181818181818,0.3333333333333333,0.0,0,0,0.0,0.0
428,428,2023-03-05,1.0,0.1333333333333333,1,0.1818181818181818,0.3333333333333333,0.0,0,0,0.0,0.0
429,429,2023-03-06,0.0,0.1666666666666666,0,0.1818181818181818,0.3333333333333333,0.0,0,0,0.0,0.0
430,430,2023-03-07,0.1666666666666666,0.2,0,0.1818181818181818,0.3333333333333333,0.0,0,0,0.0,0.0
431,431,2023-03-08,0.3333333333333333,0.2333333333333333,0,0.1818181818181818,0.3333333333333333,0.0,0,1,0.0,0.5
432,432,2023-03-09,0.5,0.2666666666666666,0,0.1818181818181818,0.3333333333333333,0.0,0,1,0.0,0.5
433,433,2023-03-10,0.6666666666666666,0.3,0,0.1818181818181818,0.3333333333333333,0.0,0,1,0.0,0.5
434,434,2023-03-11,0.8333333333333334,0.3333333333333333,1,0.1818181818181818,0.3333333333333333,0.0,0,0,0.0,0.0
435,435,2023-03-12,1.0,0.3666666666666666,1,0.1818181818181818,0.3333333333333333,0.0,0,0,0.0,0.0
436,436,2023-03-13,0.0,0.4,0,0.1818181818181818,0.3333333333333333,0.0,0,0,0.0,0.0
437,437,2023-03-14,0.1666666666666666,0.4333333333333333,0,0.1818181818181818,0.3333333333333333,0.0,0,0,0.0,0.0
438,438,2023-03-15,0.3333333333333333,0.4666666666666667,0,0.1818181818181818,0.3333333333333333,0.0,0,0,0.0,0.0
439,439,2023-03-16,0.5,0.5,0,0.1818181818181818,0.3333333333333333,0.0,0,0,0.0,0.0
440,440,2023-03-17,0.6666666666666666,0.5333333333333333,0,0.1818181818181818,0.3333333333333333,0.0,0,0,0.0,0.0
441,441,2023-03-18,0.8333333333333334,0.5666666666666667,1,0.1818181818181818,0.3333333333333333,0.0,0,0,0.0,0.0
442,442,2023-03-19,1.0,0.6,1,0.1818181818181818,0.3333333333333333,0.0,0,0,0.0,0.0
443,443,2023-03-20,0.0,0.6333333333333333,0,0.1818181818181818,0.3333333333333333,0.0,0,0,0.0,0.0
444,444,2023-03-21,0.1666666666666666,0.6666666666666666,0,0.1818181818181818,0.3333333333333333,0.0,0,0,0.0,0.0
445,445,2023-03-22,0.3333333333333333,0.7,0,0.1818181818181818,0.3333333333333333,0.0,0,0,0.0,0.0
446,446,2023-03-23,0.5,0.7333333333333333,0,0.1818181818181818,0.3333333333333333,0.0,0,1,0.0,0.5
447,447,2023-03-24,0.6666666666666666,0.7666666666666667,0,0.1818181818181818,0.3333333333333333,0.0,0,1,0.0,0.5
448,448,2023-03-25,0.8333333333333334,0.8,1,0.1818181818181818,0.3333333333333333,0.0,0,1,1.0,0.5
449,449,2023-03-26,1.0,0.8333333333333334,1,0.1818181818181818,0.3333333333333333,0.0,0,0,1.0,0.0
450,450,2023-03-27,0.0,0.8666666666666667,0,0.1818181818181818,0.3333333333333333,0.0,0,0,1.0,0.0
451,451,2023-03-28,0.1666666666666666,0.9,0,0.1818181818181818,0.3333333333333333,0.0,0,0,0.0,0.0
452,452,2023-03-29,0.3333333333333333,0.9333333333333332,0,0.1818181818181818,0.3333333333333333,0.0,0,0,0.0,0.0
453,453,2023-03-30,0.5,0.9666666666666668,0,0.1818181818181818,0.3333333333333333,0.0,0,0,0.0,0.0
454,454,2023-03-31,0.6666666666666666,1.0,0,0.1818181818181818,0.3333333333333333,0.0,0,0,0.0,0.0
455,455,2023-04-01,0.8333333333333334,0.0,1,0.2727272727272727,0.3333333333333333,0.3333333333333333,0,0,0.0,0.0
456,456,2023-04-02,1.0,0.0344827586206896,1,0.2727272727272727,0.3333333333333333,0.3333333333333333,0,0,0.0,0.0
457,457,2023-04-03,0.0,0.0689655172413793,0,0.2727272727272727,0.3333333333333333,0.3333333333333333,0,0,0.0,0.0
458,458,2023-04-04,0.1666666666666666,0.1034482758620689,0,0.2727272727272727,0.3333333333333333,0.3333333333333333,0,0,0.0,0.0
459,459,2023-04-05,0.3333333333333333,0.1379310344827586,0,0.2727272727272727,0.3333333333333333,0.3333333333333333,0,0,0.0,0.0
460,460,2023-04-06,0.5,0.1724137931034483,0,0.2727272727272727,0.3333333333333333,0.3333333333333333,0,0,0.0,0.0
461,461,2023-04-07,0.6666666666666666,0.2068965517241379,0,0.2727272727272727,0.3333333333333333,0.3333333333333333,0,0,0.0,0.0
462,462,2023-04-08,0.8333333333333334,0.2413793103448276,1,0.2727272727272727,0.3333333333333333,0.3333333333333333,0,1,0.0,0.5
463,463,2023-04-09,1.0,0.2758620689655172,1,0.2727272727272727,0.3333333333333333,0.3333333333333333,0,1,0.0,0.5
464,464,2023-04-10,0.0,0.3103448275862069,0,0.2727272727272727,0.3333333333333333,0.3333333333333333,0,1,0.0,0.5
465,465,2023-04-11,0.1666666666666666,0.3448275862068966,0,0.2727272727272727,0.3333333333333333,0.3333333333333333,0,0,0.0,0.0
466,466,2023-04-12,0.3333333333333333,0.3793103448275862,0,0.2727272727272727,0.3333333333333333,0.3333333333333333,0,0,0.0,0.0
467,467,2023-04-13,0.5,0.4137931034482758,0,0.2727272727272727,0.3333333333333333,0.3333333333333333,0,0,0.0,0.0
468,468,2023-04-14,0.6666666666666666,0.4482758620689655,0,0.2727272727272727,0.3333333333333333,0.3333333333333333,0,0,0.0,0.0
469,469,2023-04-15,0.8333333333333334,0.4827586206896552,1,0.2727272727272727,0.3333333333333333,0.3333333333333333,0,0,0.0,0.0
470,470,2023-04-16,1.0,0.5172413793103449,1,0.2727272727272727,0.3333333333333333,0.3333333333333333,0,0,1.0,0.0
471,471,2023-04-17,0.0,0.5517241379310345,0,0.2727272727272727,0.3333333333333333,0.3333333333333333,0,0,1.0,0.0
472,472,2023-04-18,0.1666666666666666,0.5862068965517241,0,0.2727272727272727,0.3333333333333333,0.3333333333333333,0,0,1.0,0.0
473,473,2023-04-19,0.3333333333333333,0.6206896551724138,0,0.2727272727272727,0.3333333333333333,0.3333333333333333,0,0,1.0,0.0
474,474,2023-04-20,0.5,0.6551724137931034,0,0.2727272727272727,0.3333333333333333,0.3333333333333333,0,0,1.0,0.0
475,475,2023-04-21,0.6666666666666666,0.6896551724137931,0,0.2727272727272727,0.3333333333333333,0.3333333333333333,0,0,1.0,0.0
476,476,2023-04-22,0.8333333333333334,0.7241379310344828,1,0.2727272727272727,0.3333333333333333,0.3333333333333333,0,0,1.0,0.0
477,477,2023-04-23,1.0,0.7586206896551724,1,0.2727272727272727,0.3333333333333333,0.3333333333333333,0,1,0.0,0.5
478,478,2023-04-24,0.0,0.7931034482758621,0,0.2727272727272727,0.3333333333333333,0.3333333333333333,0,1,0.0,0.5
